cluster,short_label,lighting_feature,story
0,Morning / Fixed Object / No Controls,"DARKNESS, LIGHTED ROAD","Cluster 0 is a less common crash profile, accounting for 2.3% of non-outlier crashes. It is primarily associated with morning conditions and is distinguished by crash form: FIXED OBJECT; lighting condition: DARKNESS, LIGHTED ROAD; traffic control: NO CONTROLS. Its severe-crash rate is 8.5%, which is close to average, suggesting that this cluster represents a routine operational crash scenario."
1,Morning / Rear End,DAYLIGHT,"Cluster 1 is a moderately common crash profile, accounting for 9.2% of non-outlier crashes. It is primarily associated with morning conditions and is distinguished by weather: RAIN; lighting condition: DAYLIGHT; contributory cause: WEATHER. Its severe-crash rate is 6.5%, which is close to average, suggesting that this cluster represents a routine operational crash scenario."
2,Afternoon / No Controls,DAYLIGHT,"Cluster 2 is a moderately common crash profile, accounting for 8.8% of non-outlier crashes. It is primarily associated with afternoon conditions and is distinguished by traffic control: NO CONTROLS; lighting condition: DAYLIGHT; weather: CLEAR. Its severe-crash rate is 5.8%, which is close to average, suggesting that this cluster represents a routine operational crash scenario."
3,Afternoon / Angle / Stop Sign/Flasher,DAYLIGHT,"Cluster 3 is a common crash profile, accounting for 13.9% of non-outlier crashes. It is primarily associated with afternoon conditions and is distinguished by traffic control: STOP SIGN/FLASHER; lighting condition: DAYLIGHT; crash form: ANGLE. Its severe-crash rate is 7.5%, which is close to average, suggesting that this cluster represents a routine operational crash scenario."
4,Late-night / Angle / Traffic Signal,"DARKNESS, LIGHTED ROAD","Cluster 4 is a moderately common crash profile, accounting for 7.8% of non-outlier crashes. It is primarily associated with late-night conditions and is distinguished by lighting condition: DARKNESS, LIGHTED ROAD; traffic control: TRAFFIC SIGNAL; contributory cause: DISREGARDING TRAFFIC SIGNALS. Its severe-crash rate is 12.8%, which is higher than average, suggesting that this cluster represents a higher-consequence crash scenario."
5,Evening / Turning / Traffic Signal,"DARKNESS, LIGHTED ROAD","Cluster 5 is a common crash profile, accounting for 15.2% of non-outlier crashes. It is primarily associated with evening conditions and is distinguished by lighting condition: DARKNESS, LIGHTED ROAD; weather: CLEAR; traffic control: TRAFFIC SIGNAL. Its severe-crash rate is 8.6%, which is close to average, suggesting that this cluster represents a routine operational crash scenario."
6,Evening / Unknown,"DARKNESS, LIGHTED ROAD","Cluster 6 is a moderately common crash profile, accounting for 6.8% of non-outlier crashes. It is primarily associated with evening conditions and is distinguished by lighting condition: DARKNESS, LIGHTED ROAD; weather: RAIN; contributory cause: UNABLE TO DETERMINE. Its severe-crash rate is 6.5%, which is close to average, suggesting that this cluster represents a routine operational crash scenario."
7,Afternoon / Rear End / Traffic Signal,DAYLIGHT,"Cluster 7 is a very common crash profile, accounting for 29.4% of non-outlier crashes. It is primarily associated with afternoon conditions and is distinguished by traffic control: TRAFFIC SIGNAL; lighting condition: DAYLIGHT; weather: CLEAR. Its severe-crash rate is 6.6%, which is close to average, suggesting that this cluster represents a routine operational crash scenario."
8,Afternoon / Rear End,,"Cluster 8 is a moderately common crash profile, accounting for 6.5% of non-outlier crashes. It is primarily associated with afternoon conditions and is distinguished by crash form: REAR END; contributory cause: DISREGARDING TRAFFIC SIGNALS; roadway type: FOUR WAY. Its severe-crash rate is 22.2%, which is much higher than average, suggesting that this cluster represents a higher-consequence crash scenario."
